<?xml version="1.0" encoding="utf-8"?>
<ModMetaData>
  <packageId>alx.microtools</packageId>
  <name>Microtools Alpha</name>
  <author>alx</author>
  <supportedVersions>
    <li>1.6</li>
  </supportedVersions>
  <modDependencies>
    <li>
      <packageId>brrainz.harmony</packageId>
      <displayName>Harmony</displayName>
      <steamWorkshopUrl>steam://url/CommunityFilePage/2009463077</steamWorkshopUrl>
      <downloadUrl>https://github.com/pardeike/HarmonyRimWorld/releases/latest</downloadUrl>
    </li>
  </modDependencies>
  <loadAfter>
    <li>brrainz.harmony</li>
  </loadAfter>
  <description>Microtools adds convenient features to simplify actions in RimWorld.</description>
</ModMetaData>
