<?xml version="1.0" encoding="utf-8"?>
<Defs>
  <WorkGiverDef>
    <defName>Microtools_DirectHaul_WorkGiver</defName>
    <label>direct haul</label>
    <giverClass>Microtools.Features.DirectHaul.WorkGiver_DirectHaul</giverClass>
    <workType>Hauling</workType>
    <verb>haul</verb>
    <gerund>hauling</gerund>
    <priorityInType>20</priorityInType>
    <requiredCapacities>
      <li>Manipulation</li>
    </requiredCapacities>
    <prioritizeSustains>true</prioritizeSustains>
  </WorkGiverDef>
</Defs>
